[{"fields": {"name": "A", "octave": 4}, "model": "ear_training_app.note", "pk": 1}, {"fields": {"name": "A#", "octave": 4}, "model": "ear_training_app.note", "pk": 2}, {"fields": {"name": "B", "octave": 4}, "model": "ear_training_app.note", "pk": 3}, {"fields": {"name": "C", "octave": 4}, "model": "ear_training_app.note", "pk": 4}, {"fields": {"name": "C#", "octave": 4}, "model": "ear_training_app.note", "pk": 5}, {"fields": {"name": "D", "octave": 4}, "model": "ear_training_app.note", "pk": 6}, {"fields": {"name": "D#", "octave": 4}, "model": "ear_training_app.note", "pk": 7}, {"fields": {"name": "E", "octave": 4}, "model": "ear_training_app.note", "pk": 8}, {"fields": {"name": "F", "octave": 4}, "model": "ear_training_app.note", "pk": 9}, {"fields": {"name": "F#", "octave": 4}, "model": "ear_training_app.note", "pk": 10}, {"fields": {"name": "G", "octave": 4}, "model": "ear_training_app.note", "pk": 11}, {"fields": {"name": "G#", "octave": 4}, "model": "ear_training_app.note", "pk": 12}, {"fields": {"name": "A", "octave": 5}, "model": "ear_training_app.note", "pk": 13}, {"fields": {"name": "A#", "octave": 5}, "model": "ear_training_app.note", "pk": 14}, {"fields": {"name": "B", "octave": 5}, "model": "ear_training_app.note", "pk": 15}, {"fields": {"name": "C", "octave": 5}, "model": "ear_training_app.note", "pk": 16}, {"fields": {"name": "C#", "octave": 5}, "model": "ear_training_app.note", "pk": 17}, {"fields": {"name": "D", "octave": 5}, "model": "ear_training_app.note", "pk": 18}, {"fields": {"name": "D#", "octave": 5}, "model": "ear_training_app.note", "pk": 19}, {"fields": {"name": "E", "octave": 5}, "model": "ear_training_app.note", "pk": 20}, {"fields": {"name": "F", "octave": 5}, "model": "ear_training_app.note", "pk": 21}, {"fields": {"name": "F#", "octave": 5}, "model": "ear_training_app.note", "pk": 22}, {"fields": {"name": "G", "octave": 5}, "model": "ear_training_app.note", "pk": 23}, {"fields": {"name": "G#", "octave": 5}, "model": "ear_training_app.note", "pk": 24}, {"fields": {"quality": "Minor second"}, "model": "ear_training_app.intervaltype", "pk": 1}, {"fields": {"quality": "Major second"}, "model": "ear_training_app.intervaltype", "pk": 2}, {"fields": {"quality": "Minor third"}, "model": "ear_training_app.intervaltype", "pk": 3}, {"fields": {"quality": "Major third"}, "model": "ear_training_app.intervaltype", "pk": 4}, {"fields": {"quality": "Perfect fourth"}, "model": "ear_training_app.intervaltype", "pk": 5}, {"fields": {"quality": "Tritone"}, "model": "ear_training_app.intervaltype", "pk": 6}, {"fields": {"quality": "Perfect fifth"}, "model": "ear_training_app.intervaltype", "pk": 7}, {"fields": {"quality": "Minor sixth"}, "model": "ear_training_app.intervaltype", "pk": 8}, {"fields": {"quality": "Major sixth"}, "model": "ear_training_app.intervaltype", "pk": 9}, {"fields": {"quality": "Minor seventh"}, "model": "ear_training_app.intervaltype", "pk": 10}, {"fields": {"quality": "Major seventh"}, "model": "ear_training_app.intervaltype", "pk": 11}, {"fields": {"quality": "Octave"}, "model": "ear_training_app.intervaltype", "pk": 12}, {"fields": {"top_note": 2, "bottom_note": 1, "name": 1}, "model": "ear_training_app.interval", "pk": 6}, {"fields": {"top_note": 3, "bottom_note": 1, "name": 2}, "model": "ear_training_app.interval", "pk": 7}, {"fields": {"top_note": 16, "bottom_note": 1, "name": 3}, "model": "ear_training_app.interval", "pk": 8}, {"fields": {"top_note": 17, "bottom_note": 1, "name": 4}, "model": "ear_training_app.interval", "pk": 9}, {"fields": {"top_note": 9, "bottom_note": 4, "name": 5}, "model": "ear_training_app.interval", "pk": 10}, {"fields": {"top_note": 10, "bottom_note": 4, "name": 6}, "model": "ear_training_app.interval", "pk": 11}, {"fields": {"top_note": 11, "bottom_note": 4, "name": 7}, "model": "ear_training_app.interval", "pk": 12}, {"fields": {"title": "Intervals"}, "model": "ear_training_app.coursetype", "pk": 1}, {"fields": {"title": "Chords"}, "model": "ear_training_app.coursetype", "pk": 2}, {"fields": {"title": "Scales"}, "model": "ear_training_app.coursetype", "pk": 3}, {"fields": {"course_type": 1, "num_exercises": 10}, "model": "ear_training_app.course", "pk": 1}, {"fields": {"course": 1, "interval_answer": 9, "name": "Intervals 1 (Major third)", "chord_answer": null, "scale_answer": null}, "model": "ear_training_app.exercise", "pk": 1}, {"fields": {"course": 1, "interval_answer": 8, "name": "Intervals 2 (Minor third)", "chord_answer": null, "scale_answer": null}, "model": "ear_training_app.exercise", "pk": 2}, {"fields": {"course": 1, "interval_answer": 7, "name": "Intervals 3 (Major second)", "chord_answer": null, "scale_answer": null}, "model": "ear_training_app.exercise", "pk": 3}, {"fields": {"course": 1, "interval_answer": 6, "name": "Intervals 4 (Minor second)", "chord_answer": null, "scale_answer": null}, "model": "ear_training_app.exercise", "pk": 4}, {"fields": {"course": 1, "interval_answer": 10, "name": "Intervals 5 (Perfect fourth)", "chord_answer": null, "scale_answer": null}, "model": "ear_training_app.exercise", "pk": 5}, {"fields": {"course": 1, "interval_answer": 11, "name": "Intervals 6 (Tritone)", "chord_answer": null, "scale_answer": null}, "model": "ear_training_app.exercise", "pk": 6}, {"fields": {"course": 1, "interval_answer": 12, "name": "Intervals 7 (Perfect fifth)", "chord_answer": null, "scale_answer": null}, "model": "ear_training_app.exercise", "pk": 7}, {"fields": {"courses_completed": 0, "total_exercises_completed": 61}, "model": "ear_training_app.student", "pk": 2}, {"fields": {"courses_completed": 0, "total_exercises_completed": 0}, "model": "ear_training_app.student", "pk": 9}, {"fields": {"status": "correct"}, "model": "ear_training_app.exercisestatus", "pk": 13}, {"fields": {"status": "correct"}, "model": "ear_training_app.exercisestatus", "pk": 14}, {"fields": {"status": "correct"}, "model": "ear_training_app.exercisestatus", "pk": 15}, {"fields": {"status": "correct"}, "model": "ear_training_app.exercisestatus", "pk": 16}, {"fields": {"status": "correct"}, "model": "ear_training_app.exercisestatus", "pk": 17}, {"fields": {"status": "correct"}, "model": "ear_training_app.exercisestatus", "pk": 18}, {"fields": {"status": "correct"}, "model": "ear_training_app.exercisestatus", "pk": 19}, {"fields": {"status": "correct"}, "model": "ear_training_app.exercisestatus", "pk": 20}, {"fields": {"status": "correct"}, "model": "ear_training_app.exercisestatus", "pk": 21}, {"fields": {"status": "incorrect"}, "model": "ear_training_app.exercisestatus", "pk": 22}, {"fields": {"status": "correct"}, "model": "ear_training_app.exercisestatus", "pk": 23}, {"fields": {"status": "correct"}, "model": "ear_training_app.exercisestatus", "pk": 24}, {"fields": {"status": "correct"}, "model": "ear_training_app.exercisestatus", "pk": 25}, {"fields": {"status": "correct"}, "model": "ear_training_app.exercisestatus", "pk": 26}, {"fields": {"exercise": 6, "student": 2, "result": 24}, "model": "ear_training_app.studentexercise", "pk": 33}, {"fields": {"exercise": 4, "student": 2, "result": 25}, "model": "ear_training_app.studentexercise", "pk": 34}, {"fields": {"exercise": 3, "student": 2, "result": 26}, "model": "ear_training_app.studentexercise", "pk": 35}]